--
-- PostgreSQL database dump
--

-- Dumped from database version 16.3
-- Dumped by pg_dump version 16.3

-- Started on 2024-08-28 22:49:22 -04

SET statement_timeout = 0;
SET lock_timeout = 0;
SET idle_in_transaction_session_timeout = 0;
SET client_encoding = 'UTF8';
SET standard_conforming_strings = on;
SELECT pg_catalog.set_config('search_path', '', false);
SET check_function_bodies = false;
SET xmloption = content;
SET client_min_messages = warning;
SET row_security = off;

--
-- TOC entry 4 (class 2615 OID 2200)
-- Name: public; Type: SCHEMA; Schema: -; Owner: -
--

CREATE SCHEMA public;


--
-- TOC entry 3747 (class 0 OID 0)
-- Dependencies: 4
-- Name: SCHEMA public; Type: COMMENT; Schema: -; Owner: -
--

COMMENT ON SCHEMA public IS 'standard public schema';


SET default_tablespace = '';

SET default_table_access_method = heap;

--
-- TOC entry 222 (class 1259 OID 17802)
-- Name: auth_group; Type: TABLE; Schema: public; Owner: -
--

CREATE TABLE public.auth_group (
    id integer NOT NULL,
    name character varying(150) NOT NULL
);


--
-- TOC entry 221 (class 1259 OID 17801)
-- Name: auth_group_id_seq; Type: SEQUENCE; Schema: public; Owner: -
--

ALTER TABLE public.auth_group ALTER COLUMN id ADD GENERATED BY DEFAULT AS IDENTITY (
    SEQUENCE NAME public.auth_group_id_seq
    START WITH 1
    INCREMENT BY 1
    NO MINVALUE
    NO MAXVALUE
    CACHE 1
);


--
-- TOC entry 224 (class 1259 OID 17810)
-- Name: auth_group_permissions; Type: TABLE; Schema: public; Owner: -
--

CREATE TABLE public.auth_group_permissions (
    id bigint NOT NULL,
    group_id integer NOT NULL,
    permission_id integer NOT NULL
);


--
-- TOC entry 223 (class 1259 OID 17809)
-- Name: auth_group_permissions_id_seq; Type: SEQUENCE; Schema: public; Owner: -
--

ALTER TABLE public.auth_group_permissions ALTER COLUMN id ADD GENERATED BY DEFAULT AS IDENTITY (
    SEQUENCE NAME public.auth_group_permissions_id_seq
    START WITH 1
    INCREMENT BY 1
    NO MINVALUE
    NO MAXVALUE
    CACHE 1
);


--
-- TOC entry 220 (class 1259 OID 17796)
-- Name: auth_permission; Type: TABLE; Schema: public; Owner: -
--

CREATE TABLE public.auth_permission (
    id integer NOT NULL,
    name character varying(255) NOT NULL,
    content_type_id integer NOT NULL,
    codename character varying(100) NOT NULL
);


--
-- TOC entry 219 (class 1259 OID 17795)
-- Name: auth_permission_id_seq; Type: SEQUENCE; Schema: public; Owner: -
--

ALTER TABLE public.auth_permission ALTER COLUMN id ADD GENERATED BY DEFAULT AS IDENTITY (
    SEQUENCE NAME public.auth_permission_id_seq
    START WITH 1
    INCREMENT BY 1
    NO MINVALUE
    NO MAXVALUE
    CACHE 1
);


--
-- TOC entry 226 (class 1259 OID 17816)
-- Name: auth_user; Type: TABLE; Schema: public; Owner: -
--

CREATE TABLE public.auth_user (
    id integer NOT NULL,
    password character varying(128) NOT NULL,
    last_login timestamp with time zone,
    is_superuser boolean NOT NULL,
    username character varying(150) NOT NULL,
    first_name character varying(150) NOT NULL,
    last_name character varying(150) NOT NULL,
    email character varying(254) NOT NULL,
    is_staff boolean NOT NULL,
    is_active boolean NOT NULL,
    date_joined timestamp with time zone NOT NULL
);


--
-- TOC entry 228 (class 1259 OID 17824)
-- Name: auth_user_groups; Type: TABLE; Schema: public; Owner: -
--

CREATE TABLE public.auth_user_groups (
    id bigint NOT NULL,
    user_id integer NOT NULL,
    group_id integer NOT NULL
);


--
-- TOC entry 227 (class 1259 OID 17823)
-- Name: auth_user_groups_id_seq; Type: SEQUENCE; Schema: public; Owner: -
--

ALTER TABLE public.auth_user_groups ALTER COLUMN id ADD GENERATED BY DEFAULT AS IDENTITY (
    SEQUENCE NAME public.auth_user_groups_id_seq
    START WITH 1
    INCREMENT BY 1
    NO MINVALUE
    NO MAXVALUE
    CACHE 1
);


--
-- TOC entry 225 (class 1259 OID 17815)
-- Name: auth_user_id_seq; Type: SEQUENCE; Schema: public; Owner: -
--

ALTER TABLE public.auth_user ALTER COLUMN id ADD GENERATED BY DEFAULT AS IDENTITY (
    SEQUENCE NAME public.auth_user_id_seq
    START WITH 1
    INCREMENT BY 1
    NO MINVALUE
    NO MAXVALUE
    CACHE 1
);


--
-- TOC entry 230 (class 1259 OID 17830)
-- Name: auth_user_user_permissions; Type: TABLE; Schema: public; Owner: -
--

CREATE TABLE public.auth_user_user_permissions (
    id bigint NOT NULL,
    user_id integer NOT NULL,
    permission_id integer NOT NULL
);


--
-- TOC entry 229 (class 1259 OID 17829)
-- Name: auth_user_user_permissions_id_seq; Type: SEQUENCE; Schema: public; Owner: -
--

ALTER TABLE public.auth_user_user_permissions ALTER COLUMN id ADD GENERATED BY DEFAULT AS IDENTITY (
    SEQUENCE NAME public.auth_user_user_permissions_id_seq
    START WITH 1
    INCREMENT BY 1
    NO MINVALUE
    NO MAXVALUE
    CACHE 1
);


--
-- TOC entry 232 (class 1259 OID 17888)
-- Name: django_admin_log; Type: TABLE; Schema: public; Owner: -
--

CREATE TABLE public.django_admin_log (
    id integer NOT NULL,
    action_time timestamp with time zone NOT NULL,
    object_id text,
    object_repr character varying(200) NOT NULL,
    action_flag smallint NOT NULL,
    change_message text NOT NULL,
    content_type_id integer,
    user_id integer NOT NULL,
    CONSTRAINT django_admin_log_action_flag_check CHECK ((action_flag >= 0))
);


--
-- TOC entry 231 (class 1259 OID 17887)
-- Name: django_admin_log_id_seq; Type: SEQUENCE; Schema: public; Owner: -
--

ALTER TABLE public.django_admin_log ALTER COLUMN id ADD GENERATED BY DEFAULT AS IDENTITY (
    SEQUENCE NAME public.django_admin_log_id_seq
    START WITH 1
    INCREMENT BY 1
    NO MINVALUE
    NO MAXVALUE
    CACHE 1
);


--
-- TOC entry 218 (class 1259 OID 17788)
-- Name: django_content_type; Type: TABLE; Schema: public; Owner: -
--

CREATE TABLE public.django_content_type (
    id integer NOT NULL,
    app_label character varying(100) NOT NULL,
    model character varying(100) NOT NULL
);


--
-- TOC entry 217 (class 1259 OID 17787)
-- Name: django_content_type_id_seq; Type: SEQUENCE; Schema: public; Owner: -
--

ALTER TABLE public.django_content_type ALTER COLUMN id ADD GENERATED BY DEFAULT AS IDENTITY (
    SEQUENCE NAME public.django_content_type_id_seq
    START WITH 1
    INCREMENT BY 1
    NO MINVALUE
    NO MAXVALUE
    CACHE 1
);


--
-- TOC entry 216 (class 1259 OID 17780)
-- Name: django_migrations; Type: TABLE; Schema: public; Owner: -
--

CREATE TABLE public.django_migrations (
    id bigint NOT NULL,
    app character varying(255) NOT NULL,
    name character varying(255) NOT NULL,
    applied timestamp with time zone NOT NULL
);


--
-- TOC entry 215 (class 1259 OID 17779)
-- Name: django_migrations_id_seq; Type: SEQUENCE; Schema: public; Owner: -
--

ALTER TABLE public.django_migrations ALTER COLUMN id ADD GENERATED BY DEFAULT AS IDENTITY (
    SEQUENCE NAME public.django_migrations_id_seq
    START WITH 1
    INCREMENT BY 1
    NO MINVALUE
    NO MAXVALUE
    CACHE 1
);


--
-- TOC entry 233 (class 1259 OID 17916)
-- Name: django_session; Type: TABLE; Schema: public; Owner: -
--

CREATE TABLE public.django_session (
    session_key character varying(40) NOT NULL,
    session_data text NOT NULL,
    expire_date timestamp with time zone NOT NULL
);


--
-- TOC entry 235 (class 1259 OID 17926)
-- Name: web_mascota; Type: TABLE; Schema: public; Owner: -
--

CREATE TABLE public.web_mascota (
    id integer NOT NULL,
    nombre character varying(45) NOT NULL,
    contacto_dueno character varying(45) NOT NULL,
    especie character varying(45) NOT NULL
);


--
-- TOC entry 234 (class 1259 OID 17925)
-- Name: web_mascota_id_seq; Type: SEQUENCE; Schema: public; Owner: -
--

ALTER TABLE public.web_mascota ALTER COLUMN id ADD GENERATED BY DEFAULT AS IDENTITY (
    SEQUENCE NAME public.web_mascota_id_seq
    START WITH 1
    INCREMENT BY 1
    NO MINVALUE
    NO MAXVALUE
    CACHE 1
);


--
-- TOC entry 239 (class 1259 OID 17940)
-- Name: web_procedimiento; Type: TABLE; Schema: public; Owner: -
--

CREATE TABLE public.web_procedimiento (
    id integer NOT NULL,
    fecha date NOT NULL,
    hora_inicio time without time zone NOT NULL,
    hora_fin time without time zone NOT NULL,
    mascota_id integer NOT NULL,
    user_id integer NOT NULL,
    sala_id integer NOT NULL
);


--
-- TOC entry 238 (class 1259 OID 17939)
-- Name: web_procedimiento_id_seq; Type: SEQUENCE; Schema: public; Owner: -
--

ALTER TABLE public.web_procedimiento ALTER COLUMN id ADD GENERATED BY DEFAULT AS IDENTITY (
    SEQUENCE NAME public.web_procedimiento_id_seq
    START WITH 1
    INCREMENT BY 1
    NO MINVALUE
    NO MAXVALUE
    CACHE 1
);


--
-- TOC entry 237 (class 1259 OID 17932)
-- Name: web_sala; Type: TABLE; Schema: public; Owner: -
--

CREATE TABLE public.web_sala (
    id integer NOT NULL,
    codigo character varying(10) NOT NULL,
    color character varying(6) NOT NULL,
    tamano integer NOT NULL,
    descripcion character varying(100) NOT NULL
);


--
-- TOC entry 236 (class 1259 OID 17931)
-- Name: web_sala_id_seq; Type: SEQUENCE; Schema: public; Owner: -
--

ALTER TABLE public.web_sala ALTER COLUMN id ADD GENERATED BY DEFAULT AS IDENTITY (
    SEQUENCE NAME public.web_sala_id_seq
    START WITH 1
    INCREMENT BY 1
    NO MINVALUE
    NO MAXVALUE
    CACHE 1
);


--
-- TOC entry 3724 (class 0 OID 17802)
-- Dependencies: 222
-- Data for Name: auth_group; Type: TABLE DATA; Schema: public; Owner: -
--



--
-- TOC entry 3726 (class 0 OID 17810)
-- Dependencies: 224
-- Data for Name: auth_group_permissions; Type: TABLE DATA; Schema: public; Owner: -
--



--
-- TOC entry 3722 (class 0 OID 17796)
-- Dependencies: 220
-- Data for Name: auth_permission; Type: TABLE DATA; Schema: public; Owner: -
--

INSERT INTO public.auth_permission VALUES (1, 'Can add log entry', 1, 'add_logentry');
INSERT INTO public.auth_permission VALUES (2, 'Can change log entry', 1, 'change_logentry');
INSERT INTO public.auth_permission VALUES (3, 'Can delete log entry', 1, 'delete_logentry');
INSERT INTO public.auth_permission VALUES (4, 'Can view log entry', 1, 'view_logentry');
INSERT INTO public.auth_permission VALUES (5, 'Can add permission', 2, 'add_permission');
INSERT INTO public.auth_permission VALUES (6, 'Can change permission', 2, 'change_permission');
INSERT INTO public.auth_permission VALUES (7, 'Can delete permission', 2, 'delete_permission');
INSERT INTO public.auth_permission VALUES (8, 'Can view permission', 2, 'view_permission');
INSERT INTO public.auth_permission VALUES (9, 'Can add group', 3, 'add_group');
INSERT INTO public.auth_permission VALUES (10, 'Can change group', 3, 'change_group');
INSERT INTO public.auth_permission VALUES (11, 'Can delete group', 3, 'delete_group');
INSERT INTO public.auth_permission VALUES (12, 'Can view group', 3, 'view_group');
INSERT INTO public.auth_permission VALUES (13, 'Can add user', 4, 'add_user');
INSERT INTO public.auth_permission VALUES (14, 'Can change user', 4, 'change_user');
INSERT INTO public.auth_permission VALUES (15, 'Can delete user', 4, 'delete_user');
INSERT INTO public.auth_permission VALUES (16, 'Can view user', 4, 'view_user');
INSERT INTO public.auth_permission VALUES (17, 'Can add content type', 5, 'add_contenttype');
INSERT INTO public.auth_permission VALUES (18, 'Can change content type', 5, 'change_contenttype');
INSERT INTO public.auth_permission VALUES (19, 'Can delete content type', 5, 'delete_contenttype');
INSERT INTO public.auth_permission VALUES (20, 'Can view content type', 5, 'view_contenttype');
INSERT INTO public.auth_permission VALUES (21, 'Can add session', 6, 'add_session');
INSERT INTO public.auth_permission VALUES (22, 'Can change session', 6, 'change_session');
INSERT INTO public.auth_permission VALUES (23, 'Can delete session', 6, 'delete_session');
INSERT INTO public.auth_permission VALUES (24, 'Can view session', 6, 'view_session');
INSERT INTO public.auth_permission VALUES (25, 'Can add sala', 7, 'add_sala');
INSERT INTO public.auth_permission VALUES (26, 'Can change sala', 7, 'change_sala');
INSERT INTO public.auth_permission VALUES (27, 'Can delete sala', 7, 'delete_sala');
INSERT INTO public.auth_permission VALUES (28, 'Can view sala', 7, 'view_sala');
INSERT INTO public.auth_permission VALUES (29, 'Can add user', 8, 'add_user');
INSERT INTO public.auth_permission VALUES (30, 'Can change user', 8, 'change_user');
INSERT INTO public.auth_permission VALUES (31, 'Can delete user', 8, 'delete_user');
INSERT INTO public.auth_permission VALUES (32, 'Can view user', 8, 'view_user');
INSERT INTO public.auth_permission VALUES (33, 'Can add procedimiento', 9, 'add_procedimiento');
INSERT INTO public.auth_permission VALUES (34, 'Can change procedimiento', 9, 'change_procedimiento');
INSERT INTO public.auth_permission VALUES (35, 'Can delete procedimiento', 9, 'delete_procedimiento');
INSERT INTO public.auth_permission VALUES (36, 'Can view procedimiento', 9, 'view_procedimiento');
INSERT INTO public.auth_permission VALUES (37, 'Can add mascota', 10, 'add_mascota');
INSERT INTO public.auth_permission VALUES (38, 'Can change mascota', 10, 'change_mascota');
INSERT INTO public.auth_permission VALUES (39, 'Can delete mascota', 10, 'delete_mascota');
INSERT INTO public.auth_permission VALUES (40, 'Can view mascota', 10, 'view_mascota');


--
-- TOC entry 3728 (class 0 OID 17816)
-- Dependencies: 226
-- Data for Name: auth_user; Type: TABLE DATA; Schema: public; Owner: -
--

INSERT INTO public.auth_user VALUES (2, 'pbkdf2_sha256$720000$nfcZ83EP3KVa2VPL9feTkI$M3vfH0nUMBOO7pgQ62ud6aQrXmFdbxCXk6Ii3I/+vk4=', '2024-08-27 22:20:52.608049-04', false, 'ngorosito', 'Nestor', '', 'pipo@dios.com', false, true, '2024-08-27 22:19:55.466178-04');
INSERT INTO public.auth_user VALUES (1, 'pbkdf2_sha256$720000$EtJ63OsRhjqMmKVVqob0Eu$X0Da8/4VnuSGC6spG6CcGAo/gtrXEcwwZ6Wt61H6ECo=', '2024-08-27 22:55:21.612473-04', true, 'admin', 'Oscar', '', '', true, true, '2024-08-27 22:01:52.974389-04');
INSERT INTO public.auth_user VALUES (3, 'pbkdf2_sha256$720000$ZGr0FGoRxt7T0i2DCwPbjv$ENgC7OgLVUH2H70kblNlZOtGzYHXHl466qooAZgRSNA=', '2024-08-28 20:56:16.80814-04', false, 'doc@gmail.com', 'Jekill', '', '', false, true, '2024-08-28 20:49:02.79287-04');


--
-- TOC entry 3730 (class 0 OID 17824)
-- Dependencies: 228
-- Data for Name: auth_user_groups; Type: TABLE DATA; Schema: public; Owner: -
--



--
-- TOC entry 3732 (class 0 OID 17830)
-- Dependencies: 230
-- Data for Name: auth_user_user_permissions; Type: TABLE DATA; Schema: public; Owner: -
--



--
-- TOC entry 3734 (class 0 OID 17888)
-- Dependencies: 232
-- Data for Name: django_admin_log; Type: TABLE DATA; Schema: public; Owner: -
--

INSERT INTO public.django_admin_log VALUES (1, '2024-08-27 22:57:16.439757-04', '1', 'Sala object (1)', 1, '[{"added": {}}]', 7, 1);
INSERT INTO public.django_admin_log VALUES (2, '2024-08-27 22:57:59.593498-04', '2', 'Sala object (2)', 1, '[{"added": {}}]', 7, 1);
INSERT INTO public.django_admin_log VALUES (3, '2024-08-27 22:58:35.309702-04', '3', 'Sala object (3)', 1, '[{"added": {}}]', 7, 1);
INSERT INTO public.django_admin_log VALUES (4, '2024-08-27 22:59:08.176689-04', '4', 'Sala object (4)', 1, '[{"added": {}}]', 7, 1);
INSERT INTO public.django_admin_log VALUES (5, '2024-08-28 19:47:46.459104-04', '1', 'Gandalf The Gray', 1, '[{"added": {}}]', 10, 1);


--
-- TOC entry 3720 (class 0 OID 17788)
-- Dependencies: 218
-- Data for Name: django_content_type; Type: TABLE DATA; Schema: public; Owner: -
--

INSERT INTO public.django_content_type VALUES (1, 'admin', 'logentry');
INSERT INTO public.django_content_type VALUES (2, 'auth', 'permission');
INSERT INTO public.django_content_type VALUES (3, 'auth', 'group');
INSERT INTO public.django_content_type VALUES (4, 'auth', 'user');
INSERT INTO public.django_content_type VALUES (5, 'contenttypes', 'contenttype');
INSERT INTO public.django_content_type VALUES (6, 'sessions', 'session');
INSERT INTO public.django_content_type VALUES (7, 'web', 'sala');
INSERT INTO public.django_content_type VALUES (8, 'web', 'user');
INSERT INTO public.django_content_type VALUES (9, 'web', 'procedimiento');
INSERT INTO public.django_content_type VALUES (10, 'web', 'mascota');


--
-- TOC entry 3718 (class 0 OID 17780)
-- Dependencies: 216
-- Data for Name: django_migrations; Type: TABLE DATA; Schema: public; Owner: -
--

INSERT INTO public.django_migrations VALUES (1, 'contenttypes', '0001_initial', '2024-08-27 22:01:09.005604-04');
INSERT INTO public.django_migrations VALUES (2, 'auth', '0001_initial', '2024-08-27 22:01:09.125804-04');
INSERT INTO public.django_migrations VALUES (3, 'admin', '0001_initial', '2024-08-27 22:01:09.153987-04');
INSERT INTO public.django_migrations VALUES (4, 'admin', '0002_logentry_remove_auto_add', '2024-08-27 22:01:09.157328-04');
INSERT INTO public.django_migrations VALUES (5, 'admin', '0003_logentry_add_action_flag_choices', '2024-08-27 22:01:09.160283-04');
INSERT INTO public.django_migrations VALUES (6, 'contenttypes', '0002_remove_content_type_name', '2024-08-27 22:01:09.172216-04');
INSERT INTO public.django_migrations VALUES (7, 'auth', '0002_alter_permission_name_max_length', '2024-08-27 22:01:09.180429-04');
INSERT INTO public.django_migrations VALUES (8, 'auth', '0003_alter_user_email_max_length', '2024-08-27 22:01:09.217152-04');
INSERT INTO public.django_migrations VALUES (9, 'auth', '0004_alter_user_username_opts', '2024-08-27 22:01:09.220225-04');
INSERT INTO public.django_migrations VALUES (10, 'auth', '0005_alter_user_last_login_null', '2024-08-27 22:01:09.229412-04');
INSERT INTO public.django_migrations VALUES (11, 'auth', '0006_require_contenttypes_0002', '2024-08-27 22:01:09.230266-04');
INSERT INTO public.django_migrations VALUES (12, 'auth', '0007_alter_validators_add_error_messages', '2024-08-27 22:01:09.250714-04');
INSERT INTO public.django_migrations VALUES (13, 'auth', '0008_alter_user_username_max_length', '2024-08-27 22:01:09.271465-04');
INSERT INTO public.django_migrations VALUES (14, 'auth', '0009_alter_user_last_name_max_length', '2024-08-27 22:01:09.276686-04');
INSERT INTO public.django_migrations VALUES (15, 'auth', '0010_alter_group_name_max_length', '2024-08-27 22:01:09.312857-04');
INSERT INTO public.django_migrations VALUES (16, 'auth', '0011_update_proxy_permissions', '2024-08-27 22:01:09.316082-04');
INSERT INTO public.django_migrations VALUES (17, 'auth', '0012_alter_user_first_name_max_length', '2024-08-27 22:01:09.32285-04');
INSERT INTO public.django_migrations VALUES (18, 'sessions', '0001_initial', '2024-08-27 22:01:09.345792-04');
INSERT INTO public.django_migrations VALUES (19, 'web', '0001_initial', '2024-08-27 22:50:06.707361-04');


--
-- TOC entry 3735 (class 0 OID 17916)
-- Dependencies: 233
-- Data for Name: django_session; Type: TABLE DATA; Schema: public; Owner: -
--

INSERT INTO public.django_session VALUES ('p2u6ojm799fatr8tb0dn05m08il19p87', '.eJxVjDkOwjAUBe_iGlmJ45WSnjNY33_BAZRIcVIh7g6RUkD7Zua9VIZtrXlrvOSR1FkN6vS7FcAHTzugO0y3WeM8rctY9K7ogzZ9nYmfl8P9O6jQ6rcWdIaTQQudOBSRjlIg7L30IdoYPRsZUqESQ4CEXLxzKXhvKVoDjtX7AwWeOGE:1sjTSS:W1ZhrxodNSSupuVc91N15lEcWx3futlkgQ53xKs_-3E', '2024-09-11 21:56:16.810139-03');


--
-- TOC entry 3737 (class 0 OID 17926)
-- Dependencies: 235
-- Data for Name: web_mascota; Type: TABLE DATA; Schema: public; Owner: -
--

INSERT INTO public.web_mascota VALUES (1, 'Gandalf The Gray', 'magaly@osorno.cl', 'Gato comun');


--
-- TOC entry 3741 (class 0 OID 17940)
-- Dependencies: 239
-- Data for Name: web_procedimiento; Type: TABLE DATA; Schema: public; Owner: -
--

INSERT INTO public.web_procedimiento VALUES (4, '2024-08-28', '19:56:00', '23:00:00', 1, 1, 1);
INSERT INTO public.web_procedimiento VALUES (5, '2024-08-30', '06:30:00', '10:00:00', 1, 3, 2);
INSERT INTO public.web_procedimiento VALUES (7, '2024-08-28', '15:00:00', '16:30:00', 1, 3, 1);
INSERT INTO public.web_procedimiento VALUES (8, '2024-08-28', '11:00:00', '12:30:00', 1, 3, 1);
INSERT INTO public.web_procedimiento VALUES (10, '2024-08-28', '06:00:00', '06:30:00', 1, 3, 3);
INSERT INTO public.web_procedimiento VALUES (11, '2024-08-28', '03:00:00', '03:30:00', 1, 3, 4);


--
-- TOC entry 3739 (class 0 OID 17932)
-- Dependencies: 237
-- Data for Name: web_sala; Type: TABLE DATA; Schema: public; Owner: -
--

INSERT INTO public.web_sala VALUES (1, 'Sala1', '00ffff', 10, 'Sala de procedimientos menores');
INSERT INTO public.web_sala VALUES (2, 'SALA2', 'ffd700', 10, 'Esterilizacion');
INSERT INTO public.web_sala VALUES (3, 'SALA3', 'ffff00', 20, 'Quirofano');
INSERT INTO public.web_sala VALUES (4, 'SALA4', '00ff7f', 10, 'Box de Procedimientos');


--
-- TOC entry 3748 (class 0 OID 0)
-- Dependencies: 221
-- Name: auth_group_id_seq; Type: SEQUENCE SET; Schema: public; Owner: -
--

SELECT pg_catalog.setval('public.auth_group_id_seq', 1, false);


--
-- TOC entry 3749 (class 0 OID 0)
-- Dependencies: 223
-- Name: auth_group_permissions_id_seq; Type: SEQUENCE SET; Schema: public; Owner: -
--

SELECT pg_catalog.setval('public.auth_group_permissions_id_seq', 1, false);


--
-- TOC entry 3750 (class 0 OID 0)
-- Dependencies: 219
-- Name: auth_permission_id_seq; Type: SEQUENCE SET; Schema: public; Owner: -
--

SELECT pg_catalog.setval('public.auth_permission_id_seq', 40, true);


--
-- TOC entry 3751 (class 0 OID 0)
-- Dependencies: 227
-- Name: auth_user_groups_id_seq; Type: SEQUENCE SET; Schema: public; Owner: -
--

SELECT pg_catalog.setval('public.auth_user_groups_id_seq', 1, false);


--
-- TOC entry 3752 (class 0 OID 0)
-- Dependencies: 225
-- Name: auth_user_id_seq; Type: SEQUENCE SET; Schema: public; Owner: -
--

SELECT pg_catalog.setval('public.auth_user_id_seq', 3, true);


--
-- TOC entry 3753 (class 0 OID 0)
-- Dependencies: 229
-- Name: auth_user_user_permissions_id_seq; Type: SEQUENCE SET; Schema: public; Owner: -
--

SELECT pg_catalog.setval('public.auth_user_user_permissions_id_seq', 1, false);


--
-- TOC entry 3754 (class 0 OID 0)
-- Dependencies: 231
-- Name: django_admin_log_id_seq; Type: SEQUENCE SET; Schema: public; Owner: -
--

SELECT pg_catalog.setval('public.django_admin_log_id_seq', 5, true);


--
-- TOC entry 3755 (class 0 OID 0)
-- Dependencies: 217
-- Name: django_content_type_id_seq; Type: SEQUENCE SET; Schema: public; Owner: -
--

SELECT pg_catalog.setval('public.django_content_type_id_seq', 10, true);


--
-- TOC entry 3756 (class 0 OID 0)
-- Dependencies: 215
-- Name: django_migrations_id_seq; Type: SEQUENCE SET; Schema: public; Owner: -
--

SELECT pg_catalog.setval('public.django_migrations_id_seq', 19, true);


--
-- TOC entry 3757 (class 0 OID 0)
-- Dependencies: 234
-- Name: web_mascota_id_seq; Type: SEQUENCE SET; Schema: public; Owner: -
--

SELECT pg_catalog.setval('public.web_mascota_id_seq', 1, true);


--
-- TOC entry 3758 (class 0 OID 0)
-- Dependencies: 238
-- Name: web_procedimiento_id_seq; Type: SEQUENCE SET; Schema: public; Owner: -
--

SELECT pg_catalog.setval('public.web_procedimiento_id_seq', 11, true);


--
-- TOC entry 3759 (class 0 OID 0)
-- Dependencies: 236
-- Name: web_sala_id_seq; Type: SEQUENCE SET; Schema: public; Owner: -
--

SELECT pg_catalog.setval('public.web_sala_id_seq', 4, true);


--
-- TOC entry 3516 (class 2606 OID 17914)
-- Name: auth_group auth_group_name_key; Type: CONSTRAINT; Schema: public; Owner: -
--

ALTER TABLE ONLY public.auth_group
    ADD CONSTRAINT auth_group_name_key UNIQUE (name);


--
-- TOC entry 3521 (class 2606 OID 17845)
-- Name: auth_group_permissions auth_group_permissions_group_id_permission_id_0cd325b0_uniq; Type: CONSTRAINT; Schema: public; Owner: -
--

ALTER TABLE ONLY public.auth_group_permissions
    ADD CONSTRAINT auth_group_permissions_group_id_permission_id_0cd325b0_uniq UNIQUE (group_id, permission_id);


--
-- TOC entry 3524 (class 2606 OID 17814)
-- Name: auth_group_permissions auth_group_permissions_pkey; Type: CONSTRAINT; Schema: public; Owner: -
--

ALTER TABLE ONLY public.auth_group_permissions
    ADD CONSTRAINT auth_group_permissions_pkey PRIMARY KEY (id);


--
-- TOC entry 3518 (class 2606 OID 17806)
-- Name: auth_group auth_group_pkey; Type: CONSTRAINT; Schema: public; Owner: -
--

ALTER TABLE ONLY public.auth_group
    ADD CONSTRAINT auth_group_pkey PRIMARY KEY (id);


--
-- TOC entry 3511 (class 2606 OID 17836)
-- Name: auth_permission auth_permission_content_type_id_codename_01ab375a_uniq; Type: CONSTRAINT; Schema: public; Owner: -
--

ALTER TABLE ONLY public.auth_permission
    ADD CONSTRAINT auth_permission_content_type_id_codename_01ab375a_uniq UNIQUE (content_type_id, codename);


--
-- TOC entry 3513 (class 2606 OID 17800)
-- Name: auth_permission auth_permission_pkey; Type: CONSTRAINT; Schema: public; Owner: -
--

ALTER TABLE ONLY public.auth_permission
    ADD CONSTRAINT auth_permission_pkey PRIMARY KEY (id);


--
-- TOC entry 3532 (class 2606 OID 17828)
-- Name: auth_user_groups auth_user_groups_pkey; Type: CONSTRAINT; Schema: public; Owner: -
--

ALTER TABLE ONLY public.auth_user_groups
    ADD CONSTRAINT auth_user_groups_pkey PRIMARY KEY (id);


--
-- TOC entry 3535 (class 2606 OID 17860)
-- Name: auth_user_groups auth_user_groups_user_id_group_id_94350c0c_uniq; Type: CONSTRAINT; Schema: public; Owner: -
--

ALTER TABLE ONLY public.auth_user_groups
    ADD CONSTRAINT auth_user_groups_user_id_group_id_94350c0c_uniq UNIQUE (user_id, group_id);


--
-- TOC entry 3526 (class 2606 OID 17820)
-- Name: auth_user auth_user_pkey; Type: CONSTRAINT; Schema: public; Owner: -
--

ALTER TABLE ONLY public.auth_user
    ADD CONSTRAINT auth_user_pkey PRIMARY KEY (id);


--
-- TOC entry 3538 (class 2606 OID 17834)
-- Name: auth_user_user_permissions auth_user_user_permissions_pkey; Type: CONSTRAINT; Schema: public; Owner: -
--

ALTER TABLE ONLY public.auth_user_user_permissions
    ADD CONSTRAINT auth_user_user_permissions_pkey PRIMARY KEY (id);


--
-- TOC entry 3541 (class 2606 OID 17874)
-- Name: auth_user_user_permissions auth_user_user_permissions_user_id_permission_id_14a6b632_uniq; Type: CONSTRAINT; Schema: public; Owner: -
--

ALTER TABLE ONLY public.auth_user_user_permissions
    ADD CONSTRAINT auth_user_user_permissions_user_id_permission_id_14a6b632_uniq UNIQUE (user_id, permission_id);


--
-- TOC entry 3529 (class 2606 OID 17909)
-- Name: auth_user auth_user_username_key; Type: CONSTRAINT; Schema: public; Owner: -
--

ALTER TABLE ONLY public.auth_user
    ADD CONSTRAINT auth_user_username_key UNIQUE (username);


--
-- TOC entry 3544 (class 2606 OID 17895)
-- Name: django_admin_log django_admin_log_pkey; Type: CONSTRAINT; Schema: public; Owner: -
--

ALTER TABLE ONLY public.django_admin_log
    ADD CONSTRAINT django_admin_log_pkey PRIMARY KEY (id);


--
-- TOC entry 3506 (class 2606 OID 17794)
-- Name: django_content_type django_content_type_app_label_model_76bd3d3b_uniq; Type: CONSTRAINT; Schema: public; Owner: -
--

ALTER TABLE ONLY public.django_content_type
    ADD CONSTRAINT django_content_type_app_label_model_76bd3d3b_uniq UNIQUE (app_label, model);


--
-- TOC entry 3508 (class 2606 OID 17792)
-- Name: django_content_type django_content_type_pkey; Type: CONSTRAINT; Schema: public; Owner: -
--

ALTER TABLE ONLY public.django_content_type
    ADD CONSTRAINT django_content_type_pkey PRIMARY KEY (id);


--
-- TOC entry 3504 (class 2606 OID 17786)
-- Name: django_migrations django_migrations_pkey; Type: CONSTRAINT; Schema: public; Owner: -
--

ALTER TABLE ONLY public.django_migrations
    ADD CONSTRAINT django_migrations_pkey PRIMARY KEY (id);


--
-- TOC entry 3548 (class 2606 OID 17922)
-- Name: django_session django_session_pkey; Type: CONSTRAINT; Schema: public; Owner: -
--

ALTER TABLE ONLY public.django_session
    ADD CONSTRAINT django_session_pkey PRIMARY KEY (session_key);


--
-- TOC entry 3551 (class 2606 OID 17930)
-- Name: web_mascota web_mascota_pkey; Type: CONSTRAINT; Schema: public; Owner: -
--

ALTER TABLE ONLY public.web_mascota
    ADD CONSTRAINT web_mascota_pkey PRIMARY KEY (id);


--
-- TOC entry 3559 (class 2606 OID 17944)
-- Name: web_procedimiento web_procedimiento_pkey; Type: CONSTRAINT; Schema: public; Owner: -
--

ALTER TABLE ONLY public.web_procedimiento
    ADD CONSTRAINT web_procedimiento_pkey PRIMARY KEY (id);


--
-- TOC entry 3554 (class 2606 OID 17938)
-- Name: web_sala web_sala_codigo_key; Type: CONSTRAINT; Schema: public; Owner: -
--

ALTER TABLE ONLY public.web_sala
    ADD CONSTRAINT web_sala_codigo_key UNIQUE (codigo);


--
-- TOC entry 3556 (class 2606 OID 17936)
-- Name: web_sala web_sala_pkey; Type: CONSTRAINT; Schema: public; Owner: -
--

ALTER TABLE ONLY public.web_sala
    ADD CONSTRAINT web_sala_pkey PRIMARY KEY (id);


--
-- TOC entry 3514 (class 1259 OID 17915)
-- Name: auth_group_name_a6ea08ec_like; Type: INDEX; Schema: public; Owner: -
--

CREATE INDEX auth_group_name_a6ea08ec_like ON public.auth_group USING btree (name varchar_pattern_ops);


--
-- TOC entry 3519 (class 1259 OID 17856)
-- Name: auth_group_permissions_group_id_b120cbf9; Type: INDEX; Schema: public; Owner: -
--

CREATE INDEX auth_group_permissions_group_id_b120cbf9 ON public.auth_group_permissions USING btree (group_id);


--
-- TOC entry 3522 (class 1259 OID 17857)
-- Name: auth_group_permissions_permission_id_84c5c92e; Type: INDEX; Schema: public; Owner: -
--

CREATE INDEX auth_group_permissions_permission_id_84c5c92e ON public.auth_group_permissions USING btree (permission_id);


--
-- TOC entry 3509 (class 1259 OID 17842)
-- Name: auth_permission_content_type_id_2f476e4b; Type: INDEX; Schema: public; Owner: -
--

CREATE INDEX auth_permission_content_type_id_2f476e4b ON public.auth_permission USING btree (content_type_id);


--
-- TOC entry 3530 (class 1259 OID 17872)
-- Name: auth_user_groups_group_id_97559544; Type: INDEX; Schema: public; Owner: -
--

CREATE INDEX auth_user_groups_group_id_97559544 ON public.auth_user_groups USING btree (group_id);


--
-- TOC entry 3533 (class 1259 OID 17871)
-- Name: auth_user_groups_user_id_6a12ed8b; Type: INDEX; Schema: public; Owner: -
--

CREATE INDEX auth_user_groups_user_id_6a12ed8b ON public.auth_user_groups USING btree (user_id);


--
-- TOC entry 3536 (class 1259 OID 17886)
-- Name: auth_user_user_permissions_permission_id_1fbb5f2c; Type: INDEX; Schema: public; Owner: -
--

CREATE INDEX auth_user_user_permissions_permission_id_1fbb5f2c ON public.auth_user_user_permissions USING btree (permission_id);


--
-- TOC entry 3539 (class 1259 OID 17885)
-- Name: auth_user_user_permissions_user_id_a95ead1b; Type: INDEX; Schema: public; Owner: -
--

CREATE INDEX auth_user_user_permissions_user_id_a95ead1b ON public.auth_user_user_permissions USING btree (user_id);


--
-- TOC entry 3527 (class 1259 OID 17910)
-- Name: auth_user_username_6821ab7c_like; Type: INDEX; Schema: public; Owner: -
--

CREATE INDEX auth_user_username_6821ab7c_like ON public.auth_user USING btree (username varchar_pattern_ops);


--
-- TOC entry 3542 (class 1259 OID 17906)
-- Name: django_admin_log_content_type_id_c4bce8eb; Type: INDEX; Schema: public; Owner: -
--

CREATE INDEX django_admin_log_content_type_id_c4bce8eb ON public.django_admin_log USING btree (content_type_id);


--
-- TOC entry 3545 (class 1259 OID 17907)
-- Name: django_admin_log_user_id_c564eba6; Type: INDEX; Schema: public; Owner: -
--

CREATE INDEX django_admin_log_user_id_c564eba6 ON public.django_admin_log USING btree (user_id);


--
-- TOC entry 3546 (class 1259 OID 17924)
-- Name: django_session_expire_date_a5c62663; Type: INDEX; Schema: public; Owner: -
--

CREATE INDEX django_session_expire_date_a5c62663 ON public.django_session USING btree (expire_date);


--
-- TOC entry 3549 (class 1259 OID 17923)
-- Name: django_session_session_key_c0390e0f_like; Type: INDEX; Schema: public; Owner: -
--

CREATE INDEX django_session_session_key_c0390e0f_like ON public.django_session USING btree (session_key varchar_pattern_ops);


--
-- TOC entry 3557 (class 1259 OID 17961)
-- Name: web_procedimiento_mascota_id_3ffa7c57; Type: INDEX; Schema: public; Owner: -
--

CREATE INDEX web_procedimiento_mascota_id_3ffa7c57 ON public.web_procedimiento USING btree (mascota_id);


--
-- TOC entry 3560 (class 1259 OID 17963)
-- Name: web_procedimiento_sala_id_387d75e9; Type: INDEX; Schema: public; Owner: -
--

CREATE INDEX web_procedimiento_sala_id_387d75e9 ON public.web_procedimiento USING btree (sala_id);


--
-- TOC entry 3561 (class 1259 OID 17962)
-- Name: web_procedimiento_user_id_26e9bc6a; Type: INDEX; Schema: public; Owner: -
--

CREATE INDEX web_procedimiento_user_id_26e9bc6a ON public.web_procedimiento USING btree (user_id);


--
-- TOC entry 3552 (class 1259 OID 17945)
-- Name: web_sala_codigo_430fdc00_like; Type: INDEX; Schema: public; Owner: -
--

CREATE INDEX web_sala_codigo_430fdc00_like ON public.web_sala USING btree (codigo varchar_pattern_ops);


--
-- TOC entry 3563 (class 2606 OID 17851)
-- Name: auth_group_permissions auth_group_permissio_permission_id_84c5c92e_fk_auth_perm; Type: FK CONSTRAINT; Schema: public; Owner: -
--

ALTER TABLE ONLY public.auth_group_permissions
    ADD CONSTRAINT auth_group_permissio_permission_id_84c5c92e_fk_auth_perm FOREIGN KEY (permission_id) REFERENCES public.auth_permission(id) DEFERRABLE INITIALLY DEFERRED;


--
-- TOC entry 3564 (class 2606 OID 17846)
-- Name: auth_group_permissions auth_group_permissions_group_id_b120cbf9_fk_auth_group_id; Type: FK CONSTRAINT; Schema: public; Owner: -
--

ALTER TABLE ONLY public.auth_group_permissions
    ADD CONSTRAINT auth_group_permissions_group_id_b120cbf9_fk_auth_group_id FOREIGN KEY (group_id) REFERENCES public.auth_group(id) DEFERRABLE INITIALLY DEFERRED;


--
-- TOC entry 3562 (class 2606 OID 17837)
-- Name: auth_permission auth_permission_content_type_id_2f476e4b_fk_django_co; Type: FK CONSTRAINT; Schema: public; Owner: -
--

ALTER TABLE ONLY public.auth_permission
    ADD CONSTRAINT auth_permission_content_type_id_2f476e4b_fk_django_co FOREIGN KEY (content_type_id) REFERENCES public.django_content_type(id) DEFERRABLE INITIALLY DEFERRED;


--
-- TOC entry 3565 (class 2606 OID 17866)
-- Name: auth_user_groups auth_user_groups_group_id_97559544_fk_auth_group_id; Type: FK CONSTRAINT; Schema: public; Owner: -
--

ALTER TABLE ONLY public.auth_user_groups
    ADD CONSTRAINT auth_user_groups_group_id_97559544_fk_auth_group_id FOREIGN KEY (group_id) REFERENCES public.auth_group(id) DEFERRABLE INITIALLY DEFERRED;


--
-- TOC entry 3566 (class 2606 OID 17861)
-- Name: auth_user_groups auth_user_groups_user_id_6a12ed8b_fk_auth_user_id; Type: FK CONSTRAINT; Schema: public; Owner: -
--

ALTER TABLE ONLY public.auth_user_groups
    ADD CONSTRAINT auth_user_groups_user_id_6a12ed8b_fk_auth_user_id FOREIGN KEY (user_id) REFERENCES public.auth_user(id) DEFERRABLE INITIALLY DEFERRED;


--
-- TOC entry 3567 (class 2606 OID 17880)
-- Name: auth_user_user_permissions auth_user_user_permi_permission_id_1fbb5f2c_fk_auth_perm; Type: FK CONSTRAINT; Schema: public; Owner: -
--

ALTER TABLE ONLY public.auth_user_user_permissions
    ADD CONSTRAINT auth_user_user_permi_permission_id_1fbb5f2c_fk_auth_perm FOREIGN KEY (permission_id) REFERENCES public.auth_permission(id) DEFERRABLE INITIALLY DEFERRED;


--
-- TOC entry 3568 (class 2606 OID 17875)
-- Name: auth_user_user_permissions auth_user_user_permissions_user_id_a95ead1b_fk_auth_user_id; Type: FK CONSTRAINT; Schema: public; Owner: -
--

ALTER TABLE ONLY public.auth_user_user_permissions
    ADD CONSTRAINT auth_user_user_permissions_user_id_a95ead1b_fk_auth_user_id FOREIGN KEY (user_id) REFERENCES public.auth_user(id) DEFERRABLE INITIALLY DEFERRED;


--
-- TOC entry 3569 (class 2606 OID 17896)
-- Name: django_admin_log django_admin_log_content_type_id_c4bce8eb_fk_django_co; Type: FK CONSTRAINT; Schema: public; Owner: -
--

ALTER TABLE ONLY public.django_admin_log
    ADD CONSTRAINT django_admin_log_content_type_id_c4bce8eb_fk_django_co FOREIGN KEY (content_type_id) REFERENCES public.django_content_type(id) DEFERRABLE INITIALLY DEFERRED;


--
-- TOC entry 3570 (class 2606 OID 17901)
-- Name: django_admin_log django_admin_log_user_id_c564eba6_fk_auth_user_id; Type: FK CONSTRAINT; Schema: public; Owner: -
--

ALTER TABLE ONLY public.django_admin_log
    ADD CONSTRAINT django_admin_log_user_id_c564eba6_fk_auth_user_id FOREIGN KEY (user_id) REFERENCES public.auth_user(id) DEFERRABLE INITIALLY DEFERRED;


--
-- TOC entry 3571 (class 2606 OID 17946)
-- Name: web_procedimiento web_procedimiento_mascota_id_3ffa7c57_fk_web_mascota_id; Type: FK CONSTRAINT; Schema: public; Owner: -
--

ALTER TABLE ONLY public.web_procedimiento
    ADD CONSTRAINT web_procedimiento_mascota_id_3ffa7c57_fk_web_mascota_id FOREIGN KEY (mascota_id) REFERENCES public.web_mascota(id) DEFERRABLE INITIALLY DEFERRED;


--
-- TOC entry 3572 (class 2606 OID 17956)
-- Name: web_procedimiento web_procedimiento_sala_id_387d75e9_fk_web_sala_id; Type: FK CONSTRAINT; Schema: public; Owner: -
--

ALTER TABLE ONLY public.web_procedimiento
    ADD CONSTRAINT web_procedimiento_sala_id_387d75e9_fk_web_sala_id FOREIGN KEY (sala_id) REFERENCES public.web_sala(id) DEFERRABLE INITIALLY DEFERRED;


--
-- TOC entry 3573 (class 2606 OID 17951)
-- Name: web_procedimiento web_procedimiento_user_id_26e9bc6a_fk_auth_user_id; Type: FK CONSTRAINT; Schema: public; Owner: -
--

ALTER TABLE ONLY public.web_procedimiento
    ADD CONSTRAINT web_procedimiento_user_id_26e9bc6a_fk_auth_user_id FOREIGN KEY (user_id) REFERENCES public.auth_user(id) DEFERRABLE INITIALLY DEFERRED;


-- Completed on 2024-08-28 22:49:23 -04

--
-- PostgreSQL database dump complete
--

